<?xml version="1.0"?>
<info locale="device_locale_strings.xml">
	<device canfd="1">
		<value>0</value>
		<meta>
			<visible>false</visible>
			<type>options.int32</type>
			<desc>设备索引</desc>
			<options>
				<option type="int32" value="0" desc="0"></option>
				<option type="int32" value="1" desc="1"></option>
				<option type="int32" value="2" desc="2"></option>
				<option type="int32" value="3" desc="3"></option>
				<option type="int32" value="4" desc="4"></option>
				<option type="int32" value="5" desc="5"></option>
				<option type="int32" value="6" desc="6"></option>
				<option type="int32" value="7" desc="7"></option>
				<option type="int32" value="8" desc="8"></option>
				<option type="int32" value="9" desc="9"></option>
				<option type="int32" value="10" desc="10"></option>
				<option type="int32" value="11" desc="11"></option>
				<option type="int32" value="12" desc="12"></option>
				<option type="int32" value="13" desc="13"></option>
				<option type="int32" value="14" desc="14"></option>
				<option type="int32" value="15" desc="15"></option>
				<option type="int32" value="16" desc="16"></option>
				<option type="int32" value="17" desc="17"></option>
				<option type="int32" value="18" desc="18"></option>
				<option type="int32" value="19" desc="19"></option>
				<option type="int32" value="20" desc="20"></option>
				<option type="int32" value="21" desc="21"></option>
				<option type="int32" value="22" desc="22"></option>
				<option type="int32" value="23" desc="23"></option>
				<option type="int32" value="24" desc="24"></option>
				<option type="int32" value="25" desc="25"></option>
				<option type="int32" value="26" desc="26"></option>
				<option type="int32" value="27" desc="27"></option>
				<option type="int32" value="28" desc="28"></option>
				<option type="int32" value="29" desc="29"></option>
				<option type="int32" value="30" desc="30"></option>
				<option type="int32" value="31" desc="31"></option>
			</options>
		</meta>
	</device>
	<channel>
		<value>0</value>
		<meta>
			<visible>false</visible>
			<type>options.int32</type>
			<desc>通道号</desc>
			<options>
				<option type="int32" value="0" desc="Channel 0"></option>
				<option type="int32" value="1" desc="Channel 1"></option>
				<option type="int32" value="2" desc="Channel 2"></option>
				<option type="int32" value="3" desc="Channel 3"></option>
				<option type="int32" value="4" desc="Channel 4"></option>
				<option type="int32" value="5" desc="Channel 5"></option>
				<option type="int32" value="6" desc="Channel 6"></option>
				<option type="int32" value="7" desc="Channel 7"></option>
			</options>
		</meta>
		<channel_0 stream="channel_0" case="parent-value=0">
			<protocol at_initcan="pre">
				<value>1</value>
				<meta>
					<type>options.int32</type>
					<desc>协议</desc>
					<options>
						<option type="int32" value="1" desc="CAN FD"></option>
					</options>
				</meta>
			</protocol>
			<canfd_exp>
				<value>1</value>
				<meta>
					<type>options.int32</type>
					<desc>CAN FD加速</desc>
					<visible>true</visible>
					<options>
						<option type="int32" value="0" desc="str_no"></option>
						<option type="int32" value="1" desc="str_yes"></option>
					</options>
				</meta>
			</canfd_exp>
			<canfd_abit_baud_rate flag="0x0046" at_initcan="pre">
				<value>1000000</value>
				<meta>
					<type>options.int32</type>
					<desc>仲裁域波特率</desc>
					<options>
						<option type="int32" value="1000000" desc="1Mbps 80%"></option>
						<option type="int32" value="800000" desc="800kbps 80%"></option>
						<option type="int32" value="500000" desc="500kbps 80%"></option>
						<option type="int32" value="250000" desc="250kbps 80%"></option>
						<option type="int32" value="125000" desc="125kbps 80%"></option>
						<option type="int32" value="100000" desc="100kbps 80%"></option>
						<option type="int32" value="50000" desc="50kbps 80%"></option>
						<option type="int32" value="0" desc="custom"></option>
					</options>
				</meta>
			</canfd_abit_baud_rate>
			<canfd_dbit_baud_rate flag="0x0047" at_initcan="pre">
				<value>4000000</value>
				<meta>
					<type>options.int32</type>
					<desc>数据域波特率</desc>
					<visible>$/info/channel/channel_0/canfd_exp!=0</visible>
					<options>
						<option type="int32" value="5000000" desc="5Mbps 75%"></option>
						<option type="int32" value="4000000" desc="4Mbps 80%"></option>
						<option type="int32" value="2000000" desc="2Mbps 80%"></option>
						<option type="int32" value="1000000" desc="1Mbps 80%"></option>
						<option type="int32" value="800000" desc="800kbps 80%"></option>
						<option type="int32" value="500000" desc="500kbps 80%"></option>
						<option type="int32" value="250000" desc="250kbps 80%"></option>
					</options>
				</meta>
			</canfd_dbit_baud_rate>
			<baud_rate_custom flag="0x0044" at_initcan="pre">
				<value>1.0Mbps(80%),4.0Mbps(80%),(0041830E,00008106)</value>
				<meta>
					<visible>$/info/channel/channel_0/canfd_abit_baud_rate == 7</visible>
					<type>string</type>
					<desc>自定义波特率</desc>
				</meta>
			</baud_rate_custom>
			<work_mode initcan="work_mode">
				<value>0</value>
				<meta>
					<type>options.int32</type>
					<desc>工作模式</desc>
					<options>
						<option type="int32" value="0" desc="normal_mode"></option>
						<option type="int32" value="1" desc="readonly_mode"></option>
						<option type="int32" value="2" desc="self_mode"></option>
						<option type="int32" value="3" desc="tx_once_mode"></option>
					</options>
				</meta>
			</work_mode>
			<initenal_resistance flag="0x006B" at_initcan="post">
				<value>1</value>
				<meta>
					<type>options.int32</type>
					<desc>终端电阻</desc>
					<options>
						<option type="int32" value="0" desc="disable"></option>
						<option type="int32" value="1" desc="enable"></option>
					</options>
				</meta>
			</initenal_resistance>
			<auto_send flag="0x0034">
				<value>0</value>
				<meta>
					<visible>false</visible>
					<type>string</type>
					<desc>定时发送CAN</desc>
				</meta>
			</auto_send>
			<auto_send_canfd flag="0x0035">
				<value>0</value>
				<meta>
					<visible>false</visible>
					<type>string</type>
					<desc>定时发送CAN FD</desc>
				</meta>
			</auto_send_canfd>
			<clear_auto_send flag="0x0036">
				<value>1</value>
				<meta>
					<visible>false</visible>
					<type>string</type>
					<desc>清空定时发送</desc>
				</meta>
			</clear_auto_send>
			<apply_auto_send flag="0x0048">
				<value>1</value>
				<meta>
					<visible>false</visible>
					<type>string</type>
					<desc>应用定时发送</desc>
				</meta>
			</apply_auto_send>
			<filter_mode flag="0x0031" at_initcan="post">
				<value>2</value>
				<meta>
					<type>options.int32</type>
					<desc>滤波模式</desc>
					<visible>false</visible>
					<options>
						<option type="int32" value="0" desc="filter_standard"></option>
						<option type="int32" value="1" desc="filter_extend"></option>
						<option type="int32" value="2" desc="filter_disable"></option>
					</options>
				</meta>
			</filter_mode>
			<filter_start flag="0x0032" hex="1" at_initcan="post">
				<value>0</value>
				<meta>
					<type>uint32</type>
					<desc>滤波起始帧</desc>
					<visible>false</visible>
				</meta>
			</filter_start>
			<filter_end flag="0x0033" hex="1" at_initcan="post">
				<value>0xFFFFFFFF</value>
				<meta>
					<type>uint32</type>
					<desc>滤波结束帧</desc>
					<visible>false</visible>
				</meta>
			</filter_end>
			<filter_ack flag="0x0050" at_initcan="post">
				<value>0</value>
				<meta>
					<type>string</type>
					<visible>false</visible>
					<desc>滤波生效</desc>
				</meta>
			</filter_ack>
			<filter_clear flag="0x0049" at_initcan="post">
				<value>0</value>
				<meta>
					<type>string</type>
					<visible>false</visible>
					<desc>清除滤波</desc>
				</meta>
			</filter_clear>
			<filter_batch flag="0x0045" at_initcan="post">
				<value></value>
				<meta>
					<type>string</type>
					<visible>false</visible>
					<desc></desc>
				</meta>
			</filter_batch>
			<set_device_recv_merge flag="0x0009">
				<value>0</value>
				<meta>
					<visible>false</visible>
					<type>uint32</type>
					<desc>设置设备合并接收</desc>
				</meta>
			</set_device_recv_merge>
			<get_device_recv_merge flag="0x0069">
				<value>0</value>
				<meta>
					<visible>false</visible>
					<type>uint32</type>
					<desc>获取设备合并接收状态</desc>
				</meta>
			</get_device_recv_merge>
			<set_device_tx_echo flag="0x0008">
				<value>0</value>
				<meta>
					<visible>false</visible>
					<type>uint32</type>
					<desc>强制设备发送回显</desc>
				</meta>
			</set_device_tx_echo>
			<get_card_parent_instance_id flag="0x0065" >
				<value></value>
				<meta>
					<type>string</type>
					<visible>false</visible>
					<desc></desc>
				</meta>
			</get_card_parent_instance_id>
			<set_bus_usage_period flag="0x0064">
				<value>1000</value>
				<meta>
					<visible>true</visible>
					<type>uint32</type>
					<desc>设置总线利用率采样周期,范围1-30000ms</desc>
				</meta>
			</set_bus_usage_period>
			<get_bus_usage flag="0x0066">
				<value>1</value>
				<meta>
					<visible>false</visible>
					<type>string</type>
					<desc>获取总线利用率</desc>
				</meta>
			</get_bus_usage>
			<auto_send_param flag="0x0057">
				<value>1</value>
				<meta>
					<visible>false</visible>
					<type>string</type>
					<desc>定时发送参数</desc>
				</meta>
			</auto_send_param>
			<tx_timeout flag="0x0069" at_initcan="post">
				<value>2000</value>
				<meta>
					<type>uint32</type>
					<visible>true</visible>
					<desc>发送超时,范围1-60000ms</desc>
				</meta>
			</tx_timeout>
			<get_device_available_tx_count flag="0x0067">
				<value>1</value>
				<meta>
					<visible>false</visible>
					<type>string</type>
					<desc>获取延时发送队列可用空间</desc>
				</meta>
			</get_device_available_tx_count>
			<clear_delay_send_queue flag="0x0068">
				<value>1</value>
				<meta>
					<visible>false</visible>
					<type>uint32</type>
					<desc>清空延时发送队列</desc>
				</meta>
			</clear_delay_send_queue>
			<get_device_auth_state flag="0x0068">
				<value>0</value>
				<meta>
					<visible>false</visible>
					<type>string</type>
					<desc>获取设备加密状态</desc>
				</meta>
			</get_device_auth_state>
		</channel_0>
		<channel_1 stream="channel_1" case="parent-value=1">
			<protocol at_initcan="pre">
				<value>1</value>
				<meta>
					<type>options.int32</type>
					<desc>协议</desc>
					<options>
						<option type="int32" value="1" desc="CAN FD"></option>
					</options>
				</meta>
			</protocol>
			<canfd_exp>
				<value>1</value>
				<meta>
					<type>options.int32</type>
					<desc>CAN FD加速</desc>
					<visible>true</visible>
					<options>
						<option type="int32" value="0" desc="str_no"></option>
						<option type="int32" value="1" desc="str_yes"></option>
					</options>
				</meta>
			</canfd_exp>
			<canfd_abit_baud_rate flag="0x0146" at_initcan="pre">
				<value>1000000</value>
				<meta>
					<type>options.int32</type>
					<desc>仲裁域波特率</desc>
					<options>
						<option type="int32" value="1000000" desc="1Mbps 80%"></option>
						<option type="int32" value="800000" desc="800kbps 80%"></option>
						<option type="int32" value="500000" desc="500kbps 80%"></option>
						<option type="int32" value="250000" desc="250kbps 80%"></option>
						<option type="int32" value="125000" desc="125kbps 80%"></option>
						<option type="int32" value="100000" desc="100kbps 80%"></option>
						<option type="int32" value="50000" desc="50kbps 80%"></option>
						<option type="int32" value="0" desc="custom"></option>
					</options>
				</meta>
			</canfd_abit_baud_rate>
			<canfd_dbit_baud_rate flag="0x0147" at_initcan="pre">
				<value>4000000</value>
				<meta>
					<type>options.int32</type>
					<desc>数据域波特率</desc>
					<visible>$/info/channel/channel_1/canfd_exp!=0</visible>
					<options>
						<option type="int32" value="5000000" desc="5Mbps 75%"></option>
						<option type="int32" value="4000000" desc="4Mbps 80%"></option>
						<option type="int32" value="2000000" desc="2Mbps 80%"></option>
						<option type="int32" value="1000000" desc="1Mbps 80%"></option>
						<option type="int32" value="800000" desc="800kbps 80%"></option>
						<option type="int32" value="500000" desc="500kbps 80%"></option>
						<option type="int32" value="250000" desc="250kbps 80%"></option>
					</options>
				</meta>
			</canfd_dbit_baud_rate>
			<baud_rate_custom flag="0x0144" at_initcan="pre">
				<value>1.0Mbps(80%),4.0Mbps(80%),(0041830E,00008106)</value>
				<meta>
					<visible>$/info/channel/channel_1/canfd_abit_baud_rate == 7</visible>
					<type>string</type>
					<desc>自定义波特率</desc>
				</meta>
			</baud_rate_custom>
			<work_mode initcan="work_mode">
				<value>0</value>
				<meta>
					<type>options.int32</type>
					<desc>工作模式</desc>
					<options>
						<option type="int32" value="0" desc="normal_mode"></option>
						<option type="int32" value="1" desc="readonly_mode"></option>
						<option type="int32" value="2" desc="self_mode"></option>
						<option type="int32" value="3" desc="tx_once_mode"></option>
					</options>
				</meta>
			</work_mode>
			<initenal_resistance flag="0x016B" at_initcan="post">
				<value>1</value>
				<meta>
					<type>options.int32</type>
					<desc>终端电阻</desc>
					<options>
						<option type="int32" value="0" desc="disable"></option>
						<option type="int32" value="1" desc="enable"></option>
					</options>
				</meta>
			</initenal_resistance>
			<auto_send flag="0x0134">
				<value>0</value>
				<meta>
					<visible>false</visible>
					<type>string</type>
					<desc>定时发送CAN</desc>
				</meta>
			</auto_send>
			<auto_send_canfd flag="0x0135">
				<value>0</value>
				<meta>
					<visible>false</visible>
					<type>string</type>
					<desc>定时发送CAN FD</desc>
				</meta>
			</auto_send_canfd>
			<clear_auto_send flag="0x0136">
				<value>1</value>
				<meta>
					<visible>false</visible>
					<type>string</type>
					<desc>清空定时发送</desc>
				</meta>
			</clear_auto_send>
			<apply_auto_send flag="0x0148">
				<value>1</value>
				<meta>
					<visible>false</visible>
					<type>string</type>
					<desc>应用定时发送</desc>
				</meta>
			</apply_auto_send>
			<filter_mode flag="0x0131" at_initcan="post">
				<value>2</value>
				<meta>
					<type>options.int32</type>
					<desc>滤波模式</desc>
					<visible>false</visible>
					<options>
						<option type="int32" value="0" desc="filter_standard"></option>
						<option type="int32" value="1" desc="filter_extend"></option>
						<option type="int32" value="2" desc="filter_disable"></option>
					</options>
				</meta>
			</filter_mode>
			<filter_start flag="0x0132" hex="1" at_initcan="post">
				<value>0</value>
				<meta>
					<type>uint32</type>
					<desc>滤波起始帧</desc>
					<visible>false</visible>
				</meta>
			</filter_start>
			<filter_end flag="0x0133" hex="1" at_initcan="post">
				<value>0xFFFFFFFF</value>
				<meta>
					<type>uint32</type>
					<desc>滤波结束帧</desc>
					<visible>false</visible>
				</meta>
			</filter_end>
			<filter_ack flag="0x0150" at_initcan="post">
				<value>0</value>
				<meta>
					<type>string</type>
					<visible>false</visible>
					<desc>滤波生效</desc>
				</meta>
			</filter_ack>
			<filter_clear flag="0x0149" at_initcan="post">
				<value>0</value>
				<meta>
					<type>string</type>
					<visible>false</visible>
					<desc>清除滤波</desc>
				</meta>
			</filter_clear>
			<filter_batch flag="0x0145" at_initcan="post">
				<value></value>
				<meta>
					<type>string</type>
					<visible>false</visible>
					<desc></desc>
				</meta>
			</filter_batch>
			<set_device_recv_merge flag="0x0009">
				<value>0</value>
				<meta>
					<visible>false</visible>
					<type>uint32</type>
					<desc>设置设备合并接收</desc>
				</meta>
			</set_device_recv_merge>
			<get_device_recv_merge flag="0x0069">
				<value>0</value>
				<meta>
					<visible>false</visible>
					<type>uint32</type>
					<desc>获取设备合并接收状态</desc>
				</meta>
			</get_device_recv_merge>
			<set_device_tx_echo flag="0x0108">
				<value>0</value>
				<meta>
					<visible>false</visible>
					<type>uint32</type>
					<desc>强制设备发送回显</desc>
				</meta>
			</set_device_tx_echo>
			<get_card_parent_instance_id flag="0x0165" >
				<value></value>
				<meta>
					<type>string</type>
					<visible>false</visible>
					<desc></desc>
				</meta>
			</get_card_parent_instance_id>
			<set_bus_usage_period flag="0x0164">
				<value>1000</value>
				<meta>
					<visible>true</visible>
					<type>uint32</type>
					<desc>设置总线利用率采样周期,范围1-30000ms</desc>
				</meta>
			</set_bus_usage_period>
			<get_bus_usage flag="0x0166">
				<value>1</value>
				<meta>
					<visible>false</visible>
					<type>string</type>
					<desc>获取总线利用率</desc>
				</meta>
			</get_bus_usage>
			<auto_send_param flag="0x0157">
				<value>1</value>
				<meta>
					<visible>false</visible>
					<type>string</type>
					<desc>定时发送参数</desc>
				</meta>
			</auto_send_param>
			<tx_timeout flag="0x0169" at_initcan="post">
				<value>2000</value>
				<meta>
					<type>uint32</type>
					<visible>true</visible>
					<desc>发送超时,范围1-60000ms</desc>
				</meta>
			</tx_timeout>
			<get_device_available_tx_count flag="0x0167">
				<value>1</value>
				<meta>
					<visible>false</visible>
					<type>string</type>
					<desc>获取延时发送队列可用空间</desc>
				</meta>
			</get_device_available_tx_count>
			<clear_delay_send_queue flag="0x0168">
				<value>1</value>
				<meta>
					<visible>false</visible>
					<type>uint32</type>
					<desc>清空延时发送队列</desc>
				</meta>
			</clear_delay_send_queue>
			<get_device_auth_state flag="0x0168">
				<value>0</value>
				<meta>
					<visible>false</visible>
					<type>string</type>
					<desc>获取设备加密状态</desc>
				</meta>
			</get_device_auth_state>
		</channel_1>
		<channel_2 stream="channel_2" case="parent-value=2">
			<protocol at_initcan="pre">
				<value>1</value>
				<meta>
					<type>options.int32</type>
					<desc>协议</desc>
					<options>
						<option type="int32" value="1" desc="CAN FD"></option>
					</options>
				</meta>
			</protocol>
			<canfd_exp>
				<value>1</value>
				<meta>
					<type>options.int32</type>
					<desc>CAN FD加速</desc>
					<visible>true</visible>
					<options>
						<option type="int32" value="0" desc="str_no"></option>
						<option type="int32" value="1" desc="str_yes"></option>
					</options>
				</meta>
			</canfd_exp>
			<canfd_abit_baud_rate flag="0x0246" at_initcan="pre">
				<value>1000000</value>
				<meta>
					<type>options.int32</type>
					<desc>仲裁域波特率</desc>
					<options>
						<option type="int32" value="1000000" desc="1Mbps 80%"></option>
						<option type="int32" value="800000" desc="800kbps 80%"></option>
						<option type="int32" value="500000" desc="500kbps 80%"></option>
						<option type="int32" value="250000" desc="250kbps 80%"></option>
						<option type="int32" value="125000" desc="125kbps 80%"></option>
						<option type="int32" value="100000" desc="100kbps 80%"></option>
						<option type="int32" value="50000" desc="50kbps 80%"></option>
						<option type="int32" value="0" desc="custom"></option>
					</options>
				</meta>
			</canfd_abit_baud_rate>
			<canfd_dbit_baud_rate flag="0x0247" at_initcan="pre">
				<value>4000000</value>
				<meta>
					<type>options.int32</type>
					<desc>数据域波特率</desc>
					<visible>$/info/channel/channel_2/canfd_exp!=0</visible>
					<options>
						<option type="int32" value="5000000" desc="5Mbps 75%"></option>
						<option type="int32" value="4000000" desc="4Mbps 80%"></option>
						<option type="int32" value="2000000" desc="2Mbps 80%"></option>
						<option type="int32" value="1000000" desc="1Mbps 80%"></option>
						<option type="int32" value="800000" desc="800kbps 80%"></option>
						<option type="int32" value="500000" desc="500kbps 80%"></option>
						<option type="int32" value="250000" desc="250kbps 80%"></option>
					</options>
				</meta>
			</canfd_dbit_baud_rate>
			<baud_rate_custom flag="0x0244" at_initcan="pre">
				<value>1.0Mbps(80%),4.0Mbps(80%),(0041830E,00008106)</value>
				<meta>
					<visible>$/info/channel/channel_2/canfd_abit_baud_rate == 7</visible>
					<type>string</type>
					<desc>自定义波特率</desc>
				</meta>
			</baud_rate_custom>
			<work_mode initcan="work_mode">
				<value>0</value>
				<meta>
					<type>options.int32</type>
					<desc>工作模式</desc>
					<options>
						<option type="int32" value="0" desc="normal_mode"></option>
						<option type="int32" value="1" desc="readonly_mode"></option>
						<option type="int32" value="2" desc="self_mode"></option>
						<option type="int32" value="3" desc="tx_once_mode"></option>
					</options>
				</meta>
			</work_mode>
			<initenal_resistance flag="0x026B" at_initcan="post">
				<value>1</value>
				<meta>
					<type>options.int32</type>
					<desc>终端电阻</desc>
					<options>
						<option type="int32" value="0" desc="disable"></option>
						<option type="int32" value="1" desc="enable"></option>
					</options>
				</meta>
			</initenal_resistance>
			<auto_send flag="0x0234">
				<value>0</value>
				<meta>
					<visible>false</visible>
					<type>string</type>
					<desc>定时发送CAN</desc>
				</meta>
			</auto_send>
			<auto_send_canfd flag="0x0235">
				<value>0</value>
				<meta>
					<visible>false</visible>
					<type>string</type>
					<desc>定时发送CAN FD</desc>
				</meta>
			</auto_send_canfd>
			<clear_auto_send flag="0x0236">
				<value>1</value>
				<meta>
					<visible>false</visible>
					<type>string</type>
					<desc>清空定时发送</desc>
				</meta>
			</clear_auto_send>
			<apply_auto_send flag="0x0248">
				<value>1</value>
				<meta>
					<visible>false</visible>
					<type>string</type>
					<desc>应用定时发送</desc>
				</meta>
			</apply_auto_send>
			<filter_mode flag="0x0231" at_initcan="post">
				<value>2</value>
				<meta>
					<type>options.int32</type>
					<desc>滤波模式</desc>
					<visible>false</visible>
					<options>
						<option type="int32" value="0" desc="filter_standard"></option>
						<option type="int32" value="1" desc="filter_extend"></option>
						<option type="int32" value="2" desc="filter_disable"></option>
					</options>
				</meta>
			</filter_mode>
			<filter_start flag="0x0232" hex="1" at_initcan="post">
				<value>0</value>
				<meta>
					<type>uint32</type>
					<desc>滤波起始帧</desc>
					<visible>false</visible>
				</meta>
			</filter_start>
			<filter_end flag="0x0233" hex="1" at_initcan="post">
				<value>0xFFFFFFFF</value>
				<meta>
					<type>uint32</type>
					<desc>滤波结束帧</desc>
					<visible>false</visible>
				</meta>
			</filter_end>
			<filter_ack flag="0x0250" at_initcan="post">
				<value>0</value>
				<meta>
					<type>string</type>
					<visible>false</visible>
					<desc>滤波生效</desc>
				</meta>
			</filter_ack>
			<filter_clear flag="0x0249" at_initcan="post">
				<value>0</value>
				<meta>
					<type>string</type>
					<visible>false</visible>
					<desc>清除滤波</desc>
				</meta>
			</filter_clear>
			<filter_batch flag="0x0245" at_initcan="post">
				<value></value>
				<meta>
					<type>string</type>
					<visible>false</visible>
					<desc></desc>
				</meta>
			</filter_batch>
			<set_device_recv_merge flag="0x0009">
				<value>0</value>
				<meta>
					<visible>false</visible>
					<type>uint32</type>
					<desc>设置设备合并接收</desc>
				</meta>
			</set_device_recv_merge>
			<get_device_recv_merge flag="0x0069">
				<value>0</value>
				<meta>
					<visible>false</visible>
					<type>uint32</type>
					<desc>获取设备合并接收状态</desc>
				</meta>
			</get_device_recv_merge>
			<set_device_tx_echo flag="0x0208">
				<value>0</value>
				<meta>
					<visible>false</visible>
					<type>uint32</type>
					<desc>强制设备发送回显</desc>
				</meta>
			</set_device_tx_echo>
			<get_card_parent_instance_id flag="0x0265" >
				<value></value>
				<meta>
					<type>string</type>
					<visible>false</visible>
					<desc></desc>
				</meta>
			</get_card_parent_instance_id>
			<set_bus_usage_period flag="0x0264">
				<value>1000</value>
				<meta>
					<visible>true</visible>
					<type>uint32</type>
					<desc>设置总线利用率采样周期,范围1-30000ms</desc>
				</meta>
			</set_bus_usage_period>
			<get_bus_usage flag="0x0266">
				<value>1</value>
				<meta>
					<visible>false</visible>
					<type>string</type>
					<desc>获取总线利用率</desc>
				</meta>
			</get_bus_usage>
			<auto_send_param flag="0x0257">
				<value>1</value>
				<meta>
					<visible>false</visible>
					<type>string</type>
					<desc>定时发送参数</desc>
				</meta>
			</auto_send_param>
			<tx_timeout flag="0x0269" at_initcan="post">
				<value>2000</value>
				<meta>
					<type>uint32</type>
					<visible>true</visible>
					<desc>发送超时,范围1-60000ms</desc>
				</meta>
			</tx_timeout>
			<get_device_available_tx_count flag="0x0267">
				<value>1</value>
				<meta>
					<visible>false</visible>
					<type>string</type>
					<desc>获取延时发送队列可用空间</desc>
				</meta>
			</get_device_available_tx_count>
			<clear_delay_send_queue flag="0x0268">
				<value>1</value>
				<meta>
					<visible>false</visible>
					<type>uint32</type>
					<desc>清空延时发送队列</desc>
				</meta>
			</clear_delay_send_queue>
			<get_device_auth_state flag="0x0268">
				<value>0</value>
				<meta>
					<visible>false</visible>
					<type>string</type>
					<desc>获取设备加密状态</desc>
				</meta>
			</get_device_auth_state>
		</channel_2>
		<channel_3 stream="channel_3" case="parent-value=3">
			<protocol at_initcan="pre">
				<value>1</value>
				<meta>
					<type>options.int32</type>
					<desc>协议</desc>
					<options>
						<option type="int32" value="1" desc="CAN FD"></option>
					</options>
				</meta>
			</protocol>
			<canfd_exp>
				<value>1</value>
				<meta>
					<type>options.int32</type>
					<desc>CAN FD加速</desc>
					<visible>true</visible>
					<options>
						<option type="int32" value="0" desc="str_no"></option>
						<option type="int32" value="1" desc="str_yes"></option>
					</options>
				</meta>
			</canfd_exp>
			<canfd_abit_baud_rate flag="0x0346" at_initcan="pre">
				<value>1000000</value>
				<meta>
					<type>options.int32</type>
					<desc>仲裁域波特率</desc>
					<options>
						<option type="int32" value="1000000" desc="1Mbps 80%"></option>
						<option type="int32" value="800000" desc="800kbps 80%"></option>
						<option type="int32" value="500000" desc="500kbps 80%"></option>
						<option type="int32" value="250000" desc="250kbps 80%"></option>
						<option type="int32" value="125000" desc="125kbps 80%"></option>
						<option type="int32" value="100000" desc="100kbps 80%"></option>
						<option type="int32" value="50000" desc="50kbps 80%"></option>
						<option type="int32" value="0" desc="custom"></option>
					</options>
				</meta>
			</canfd_abit_baud_rate>
			<canfd_dbit_baud_rate flag="0x0347" at_initcan="pre">
				<value>4000000</value>
				<meta>
					<type>options.int32</type>
					<desc>数据域波特率</desc>
					<visible>$/info/channel/channel_3/canfd_exp!=0</visible>
					<options>
						<option type="int32" value="5000000" desc="5Mbps 75%"></option>
						<option type="int32" value="4000000" desc="4Mbps 80%"></option>
						<option type="int32" value="2000000" desc="2Mbps 80%"></option>
						<option type="int32" value="1000000" desc="1Mbps 80%"></option>
						<option type="int32" value="800000" desc="800kbps 80%"></option>
						<option type="int32" value="500000" desc="500kbps 80%"></option>
						<option type="int32" value="250000" desc="250kbps 80%"></option>
					</options>
				</meta>
			</canfd_dbit_baud_rate>
			<baud_rate_custom flag="0x0344" at_initcan="pre">
				<value>1.0Mbps(80%),4.0Mbps(80%),(0041830E,00008106)</value>
				<meta>
					<visible>$/info/channel/channel_3/canfd_abit_baud_rate == 7</visible>
					<type>string</type>
					<desc>自定义波特率</desc>
				</meta>
			</baud_rate_custom>
			<work_mode initcan="work_mode">
				<value>0</value>
				<meta>
					<type>options.int32</type>
					<desc>工作模式</desc>
					<options>
						<option type="int32" value="0" desc="normal_mode"></option>
						<option type="int32" value="1" desc="readonly_mode"></option>
						<option type="int32" value="2" desc="self_mode"></option>
						<option type="int32" value="3" desc="tx_once_mode"></option>
					</options>
				</meta>
			</work_mode>
			<initenal_resistance flag="0x036B" at_initcan="post">
				<value>1</value>
				<meta>
					<type>options.int32</type>
					<desc>终端电阻</desc>
					<options>
						<option type="int32" value="0" desc="disable"></option>
						<option type="int32" value="1" desc="enable"></option>
					</options>
				</meta>
			</initenal_resistance>
			<auto_send flag="0x0334">
				<value>0</value>
				<meta>
					<visible>false</visible>
					<type>string</type>
					<desc>定时发送CAN</desc>
				</meta>
			</auto_send>
			<auto_send_canfd flag="0x0335">
				<value>0</value>
				<meta>
					<visible>false</visible>
					<type>string</type>
					<desc>定时发送CAN FD</desc>
				</meta>
			</auto_send_canfd>
			<clear_auto_send flag="0x0336">
				<value>1</value>
				<meta>
					<visible>false</visible>
					<type>string</type>
					<desc>清空定时发送</desc>
				</meta>
			</clear_auto_send>
			<apply_auto_send flag="0x0348">
				<value>1</value>
				<meta>
					<visible>false</visible>
					<type>string</type>
					<desc>应用定时发送</desc>
				</meta>
			</apply_auto_send>
			<filter_mode flag="0x0331" at_initcan="post">
				<value>2</value>
				<meta>
					<type>options.int32</type>
					<desc>滤波模式</desc>
					<visible>false</visible>
					<options>
						<option type="int32" value="0" desc="filter_standard"></option>
						<option type="int32" value="1" desc="filter_extend"></option>
						<option type="int32" value="2" desc="filter_disable"></option>
					</options>
				</meta>
			</filter_mode>
			<filter_start flag="0x0332" hex="1" at_initcan="post">
				<value>0</value>
				<meta>
					<type>uint32</type>
					<desc>滤波起始帧</desc>
					<visible>false</visible>
				</meta>
			</filter_start>
			<filter_end flag="0x0333" hex="1" at_initcan="post">
				<value>0xFFFFFFFF</value>
				<meta>
					<type>uint32</type>
					<desc>滤波结束帧</desc>
					<visible>false</visible>
				</meta>
			</filter_end>
			<filter_ack flag="0x0350" at_initcan="post">
				<value>0</value>
				<meta>
					<type>string</type>
					<visible>false</visible>
					<desc>滤波生效</desc>
				</meta>
			</filter_ack>
			<filter_clear flag="0x0349" at_initcan="post">
				<value>0</value>
				<meta>
					<type>string</type>
					<visible>false</visible>
					<desc>清除滤波</desc>
				</meta>
			</filter_clear>
			<filter_batch flag="0x0345" at_initcan="post">
				<value></value>
				<meta>
					<type>string</type>
					<visible>false</visible>
					<desc></desc>
				</meta>
			</filter_batch>
			<set_device_recv_merge flag="0x0009">
				<value>0</value>
				<meta>
					<visible>false</visible>
					<type>uint32</type>
					<desc>设置设备合并接收</desc>
				</meta>
			</set_device_recv_merge>
			<get_device_recv_merge flag="0x0069">
				<value>0</value>
				<meta>
					<visible>false</visible>
					<type>uint32</type>
					<desc>获取设备合并接收状态</desc>
				</meta>
			</get_device_recv_merge>
			<set_device_tx_echo flag="0x0308">
				<value>0</value>
				<meta>
					<visible>false</visible>
					<type>uint32</type>
					<desc>强制设备发送回显</desc>
				</meta>
			</set_device_tx_echo>
			<get_card_parent_instance_id flag="0x0365" >
				<value></value>
				<meta>
					<type>string</type>
					<visible>false</visible>
					<desc></desc>
				</meta>
			</get_card_parent_instance_id>
			<set_bus_usage_period flag="0x0364">
				<value>1000</value>
				<meta>
					<visible>true</visible>
					<type>uint32</type>
					<desc>设置总线利用率采样周期,范围1-30000ms</desc>
				</meta>
			</set_bus_usage_period>
			<get_bus_usage flag="0x0366">
				<value>1</value>
				<meta>
					<visible>false</visible>
					<type>string</type>
					<desc>获取总线利用率</desc>
				</meta>
			</get_bus_usage>
			<auto_send_param flag="0x0357">
				<value>1</value>
				<meta>
					<visible>false</visible>
					<type>string</type>
					<desc>定时发送参数</desc>
				</meta>
			</auto_send_param>
			<tx_timeout flag="0x0369" at_initcan="post">
				<value>2000</value>
				<meta>
					<type>uint32</type>
					<visible>true</visible>
					<desc>发送超时,范围1-60000ms</desc>
				</meta>
			</tx_timeout>
			<get_device_available_tx_count flag="0x0367">
				<value>1</value>
				<meta>
					<visible>false</visible>
					<type>string</type>
					<desc>获取延时发送队列可用空间</desc>
				</meta>
			</get_device_available_tx_count>
			<clear_delay_send_queue flag="0x0368">
				<value>1</value>
				<meta>
					<visible>false</visible>
					<type>uint32</type>
					<desc>清空延时发送队列</desc>
				</meta>
			</clear_delay_send_queue>
			<get_device_auth_state flag="0x0368">
				<value>0</value>
				<meta>
					<visible>false</visible>
					<type>string</type>
					<desc>获取设备加密状态</desc>
				</meta>
			</get_device_auth_state>
		</channel_3>
		<channel_4 stream="channel_4" case="parent-value=4">
			<protocol at_initcan="pre">
				<value>1</value>
				<meta>
					<type>options.int32</type>
					<desc>协议</desc>
					<options>
						<option type="int32" value="1" desc="CAN FD"></option>
					</options>
				</meta>
			</protocol>
			<canfd_exp>
				<value>1</value>
				<meta>
					<type>options.int32</type>
					<desc>CAN FD加速</desc>
					<visible>true</visible>
					<options>
						<option type="int32" value="0" desc="str_no"></option>
						<option type="int32" value="1" desc="str_yes"></option>
					</options>
				</meta>
			</canfd_exp>
			<canfd_abit_baud_rate flag="0x0446" at_initcan="pre">
				<value>1000000</value>
				<meta>
					<type>options.int32</type>
					<desc>仲裁域波特率</desc>
					<options>
						<option type="int32" value="1000000" desc="1Mbps 80%"></option>
						<option type="int32" value="800000" desc="800kbps 80%"></option>
						<option type="int32" value="500000" desc="500kbps 80%"></option>
						<option type="int32" value="250000" desc="250kbps 80%"></option>
						<option type="int32" value="125000" desc="125kbps 80%"></option>
						<option type="int32" value="100000" desc="100kbps 80%"></option>
						<option type="int32" value="50000" desc="50kbps 80%"></option>
						<option type="int32" value="0" desc="custom"></option>
					</options>
				</meta>
			</canfd_abit_baud_rate>
			<canfd_dbit_baud_rate flag="0x0447" at_initcan="pre">
				<value>4000000</value>
				<meta>
					<type>options.int32</type>
					<desc>数据域波特率</desc>
					<visible>$/info/channel/channel_0/canfd_exp!=0</visible>
					<options>
						<option type="int32" value="5000000" desc="5Mbps 75%"></option>
						<option type="int32" value="4000000" desc="4Mbps 80%"></option>
						<option type="int32" value="2000000" desc="2Mbps 80%"></option>
						<option type="int32" value="1000000" desc="1Mbps 80%"></option>
						<option type="int32" value="800000" desc="800kbps 80%"></option>
						<option type="int32" value="500000" desc="500kbps 80%"></option>
						<option type="int32" value="250000" desc="250kbps 80%"></option>
					</options>
				</meta>
			</canfd_dbit_baud_rate>
			<baud_rate_custom flag="0x0444" at_initcan="pre">
				<value>1.0Mbps(80%),4.0Mbps(80%),(0041830E,00008106)</value>
				<meta>
					<visible>$/info/channel/channel_0/canfd_abit_baud_rate == 7</visible>
					<type>string</type>
					<desc>自定义波特率</desc>
				</meta>
			</baud_rate_custom>
			<work_mode initcan="work_mode">
				<value>0</value>
				<meta>
					<type>options.int32</type>
					<desc>工作模式</desc>
					<options>
						<option type="int32" value="0" desc="normal_mode"></option>
						<option type="int32" value="1" desc="readonly_mode"></option>
						<option type="int32" value="2" desc="self_mode"></option>
						<option type="int32" value="3" desc="tx_once_mode"></option>
					</options>
				</meta>
			</work_mode>
			<initenal_resistance flag="0x046B" at_initcan="post">
				<value>1</value>
				<meta>
					<type>options.int32</type>
					<desc>终端电阻</desc>
					<options>
						<option type="int32" value="0" desc="disable"></option>
						<option type="int32" value="1" desc="enable"></option>
					</options>
				</meta>
			</initenal_resistance>
			<auto_send flag="0x0434">
				<value>0</value>
				<meta>
					<visible>false</visible>
					<type>string</type>
					<desc>定时发送CAN</desc>
				</meta>
			</auto_send>
			<auto_send_canfd flag="0x0435">
				<value>0</value>
				<meta>
					<visible>false</visible>
					<type>string</type>
					<desc>定时发送CAN FD</desc>
				</meta>
			</auto_send_canfd>
			<clear_auto_send flag="0x0436">
				<value>1</value>
				<meta>
					<visible>false</visible>
					<type>string</type>
					<desc>清空定时发送</desc>
				</meta>
			</clear_auto_send>
			<apply_auto_send flag="0x0448">
				<value>1</value>
				<meta>
					<visible>false</visible>
					<type>string</type>
					<desc>应用定时发送</desc>
				</meta>
			</apply_auto_send>
			<filter_mode flag="0x0431" at_initcan="post">
				<value>2</value>
				<meta>
					<type>options.int32</type>
					<desc>滤波模式</desc>
					<visible>false</visible>
					<options>
						<option type="int32" value="0" desc="filter_standard"></option>
						<option type="int32" value="1" desc="filter_extend"></option>
						<option type="int32" value="2" desc="filter_disable"></option>
					</options>
				</meta>
			</filter_mode>
			<filter_start flag="0x0432" hex="1" at_initcan="post">
				<value>0</value>
				<meta>
					<type>uint32</type>
					<desc>滤波起始帧</desc>
					<visible>false</visible>
				</meta>
			</filter_start>
			<filter_end flag="0x0433" hex="1" at_initcan="post">
				<value>0xFFFFFFFF</value>
				<meta>
					<type>uint32</type>
					<desc>滤波结束帧</desc>
					<visible>false</visible>
				</meta>
			</filter_end>
			<filter_ack flag="0x0450" at_initcan="post">
				<value>0</value>
				<meta>
					<type>string</type>
					<visible>false</visible>
					<desc>滤波生效</desc>
				</meta>
			</filter_ack>
			<filter_clear flag="0x0449" at_initcan="post">
				<value>0</value>
				<meta>
					<type>string</type>
					<visible>false</visible>
					<desc>清除滤波</desc>
				</meta>
			</filter_clear>
			<filter_batch flag="0x0445" at_initcan="post">
				<value></value>
				<meta>
					<type>string</type>
					<visible>false</visible>
					<desc></desc>
				</meta>
			</filter_batch>
			<set_device_recv_merge flag="0x0009">
				<value>0</value>
				<meta>
					<visible>false</visible>
					<type>uint32</type>
					<desc>设置设备合并接收</desc>
				</meta>
			</set_device_recv_merge>
			<get_device_recv_merge flag="0x0069">
				<value>0</value>
				<meta>
					<visible>false</visible>
					<type>uint32</type>
					<desc>获取设备合并接收状态</desc>
				</meta>
			</get_device_recv_merge>
			<set_device_tx_echo flag="0x0408">
				<value>0</value>
				<meta>
					<visible>false</visible>
					<type>uint32</type>
					<desc>强制设备发送回显</desc>
				</meta>
			</set_device_tx_echo>
			<get_card_parent_instance_id flag="0x0465" >
				<value></value>
				<meta>
					<type>string</type>
					<visible>false</visible>
					<desc></desc>
				</meta>
			</get_card_parent_instance_id>
			<set_bus_usage_period flag="0x0464">
				<value>1000</value>
				<meta>
					<visible>true</visible>
					<type>uint32</type>
					<desc>设置总线利用率采样周期,范围1-30000ms</desc>
				</meta>
			</set_bus_usage_period>
			<get_bus_usage flag="0x0466">
				<value>1</value>
				<meta>
					<visible>false</visible>
					<type>string</type>
					<desc>获取总线利用率</desc>
				</meta>
			</get_bus_usage>
			<auto_send_param flag="0x0457">
				<value>1</value>
				<meta>
					<visible>false</visible>
					<type>string</type>
					<desc>定时发送参数</desc>
				</meta>
			</auto_send_param>
			<tx_timeout flag="0x0469" at_initcan="post">
				<value>2000</value>
				<meta>
					<type>uint32</type>
					<visible>true</visible>
					<desc>发送超时,范围1-60000ms</desc>
				</meta>
			</tx_timeout>
			<get_device_available_tx_count flag="0x0467">
				<value>1</value>
				<meta>
					<visible>false</visible>
					<type>string</type>
					<desc>获取延时发送队列可用空间</desc>
				</meta>
			</get_device_available_tx_count>
			<clear_delay_send_queue flag="0x0468">
				<value>1</value>
				<meta>
					<visible>false</visible>
					<type>uint32</type>
					<desc>清空延时发送队列</desc>
				</meta>
			</clear_delay_send_queue>
			<get_device_auth_state flag="0x0468">
				<value>0</value>
				<meta>
					<visible>false</visible>
					<type>string</type>
					<desc>获取设备加密状态</desc>
				</meta>
			</get_device_auth_state>
		</channel_4>
		<channel_5 stream="channel_5" case="parent-value=5">
			<protocol at_initcan="pre">
				<value>1</value>
				<meta>
					<type>options.int32</type>
					<desc>协议</desc>
					<options>
						<option type="int32" value="1" desc="CAN FD"></option>
					</options>
				</meta>
			</protocol>
			<canfd_exp>
				<value>1</value>
				<meta>
					<type>options.int32</type>
					<desc>CAN FD加速</desc>
					<visible>true</visible>
					<options>
						<option type="int32" value="0" desc="str_no"></option>
						<option type="int32" value="1" desc="str_yes"></option>
					</options>
				</meta>
			</canfd_exp>
			<canfd_abit_baud_rate flag="0x0546" at_initcan="pre">
				<value>1000000</value>
				<meta>
					<type>options.int32</type>
					<desc>仲裁域波特率</desc>
					<options>
						<option type="int32" value="1000000" desc="1Mbps 80%"></option>
						<option type="int32" value="800000" desc="800kbps 80%"></option>
						<option type="int32" value="500000" desc="500kbps 80%"></option>
						<option type="int32" value="250000" desc="250kbps 80%"></option>
						<option type="int32" value="125000" desc="125kbps 80%"></option>
						<option type="int32" value="100000" desc="100kbps 80%"></option>
						<option type="int32" value="50000" desc="50kbps 80%"></option>
						<option type="int32" value="0" desc="custom"></option>
					</options>
				</meta>
			</canfd_abit_baud_rate>
			<canfd_dbit_baud_rate flag="0x0547" at_initcan="pre">
				<value>4000000</value>
				<meta>
					<type>options.int32</type>
					<desc>数据域波特率</desc>
					<visible>$/info/channel/channel_1/canfd_exp!=0</visible>
					<options>
						<option type="int32" value="5000000" desc="5Mbps 75%"></option>
						<option type="int32" value="4000000" desc="4Mbps 80%"></option>
						<option type="int32" value="2000000" desc="2Mbps 80%"></option>
						<option type="int32" value="1000000" desc="1Mbps 80%"></option>
						<option type="int32" value="800000" desc="800kbps 80%"></option>
						<option type="int32" value="500000" desc="500kbps 80%"></option>
						<option type="int32" value="250000" desc="250kbps 80%"></option>
					</options>
				</meta>
			</canfd_dbit_baud_rate>
			<baud_rate_custom flag="0x0544" at_initcan="pre">
				<value>1.0Mbps(80%),4.0Mbps(80%),(0041830E,00008106)</value>
				<meta>
					<visible>$/info/channel/channel_1/canfd_abit_baud_rate == 7</visible>
					<type>string</type>
					<desc>自定义波特率</desc>
				</meta>
			</baud_rate_custom>
			<work_mode initcan="work_mode">
				<value>0</value>
				<meta>
					<type>options.int32</type>
					<desc>工作模式</desc>
					<options>
						<option type="int32" value="0" desc="normal_mode"></option>
						<option type="int32" value="1" desc="readonly_mode"></option>
						<option type="int32" value="2" desc="self_mode"></option>
						<option type="int32" value="3" desc="tx_once_mode"></option>
					</options>
				</meta>
			</work_mode>
			<initenal_resistance flag="0x056B" at_initcan="post">
				<value>1</value>
				<meta>
					<type>options.int32</type>
					<desc>终端电阻</desc>
					<options>
						<option type="int32" value="0" desc="disable"></option>
						<option type="int32" value="1" desc="enable"></option>
					</options>
				</meta>
			</initenal_resistance>
			<auto_send flag="0x0534">
				<value>0</value>
				<meta>
					<visible>false</visible>
					<type>string</type>
					<desc>定时发送CAN</desc>
				</meta>
			</auto_send>
			<auto_send_canfd flag="0x0535">
				<value>0</value>
				<meta>
					<visible>false</visible>
					<type>string</type>
					<desc>定时发送CAN FD</desc>
				</meta>
			</auto_send_canfd>
			<clear_auto_send flag="0x0536">
				<value>1</value>
				<meta>
					<visible>false</visible>
					<type>string</type>
					<desc>清空定时发送</desc>
				</meta>
			</clear_auto_send>
			<apply_auto_send flag="0x0548">
				<value>1</value>
				<meta>
					<visible>false</visible>
					<type>string</type>
					<desc>应用定时发送</desc>
				</meta>
			</apply_auto_send>
			<filter_mode flag="0x0531" at_initcan="post">
				<value>2</value>
				<meta>
					<type>options.int32</type>
					<desc>滤波模式</desc>
					<visible>false</visible>
					<options>
						<option type="int32" value="0" desc="filter_standard"></option>
						<option type="int32" value="1" desc="filter_extend"></option>
						<option type="int32" value="2" desc="filter_disable"></option>
					</options>
				</meta>
			</filter_mode>
			<filter_start flag="0x0532" hex="1" at_initcan="post">
				<value>0</value>
				<meta>
					<type>uint32</type>
					<desc>滤波起始帧</desc>
					<visible>false</visible>
				</meta>
			</filter_start>
			<filter_end flag="0x0533" hex="1" at_initcan="post">
				<value>0xFFFFFFFF</value>
				<meta>
					<type>uint32</type>
					<desc>滤波结束帧</desc>
					<visible>false</visible>
				</meta>
			</filter_end>
			<filter_ack flag="0x0550" at_initcan="post">
				<value>0</value>
				<meta>
					<type>string</type>
					<visible>false</visible>
					<desc>滤波生效</desc>
				</meta>
			</filter_ack>
			<filter_clear flag="0x0549" at_initcan="post">
				<value>0</value>
				<meta>
					<type>string</type>
					<visible>false</visible>
					<desc>清除滤波</desc>
				</meta>
			</filter_clear>
			<filter_batch flag="0x0545" at_initcan="post">
				<value></value>
				<meta>
					<type>string</type>
					<visible>false</visible>
					<desc></desc>
				</meta>
			</filter_batch>
			<set_device_recv_merge flag="0x0009">
				<value>0</value>
				<meta>
					<visible>false</visible>
					<type>uint32</type>
					<desc>设置设备合并接收</desc>
				</meta>
			</set_device_recv_merge>
			<get_device_recv_merge flag="0x0069">
				<value>0</value>
				<meta>
					<visible>false</visible>
					<type>uint32</type>
					<desc>获取设备合并接收状态</desc>
				</meta>
			</get_device_recv_merge>
			<set_device_tx_echo flag="0x0508">
				<value>0</value>
				<meta>
					<visible>false</visible>
					<type>uint32</type>
					<desc>强制设备发送回显</desc>
				</meta>
			</set_device_tx_echo>
			<get_card_parent_instance_id flag="0x0565" >
				<value></value>
				<meta>
					<type>string</type>
					<visible>false</visible>
					<desc></desc>
				</meta>
			</get_card_parent_instance_id>
			<set_bus_usage_period flag="0x0564">
				<value>1000</value>
				<meta>
					<visible>true</visible>
					<type>uint32</type>
					<desc>设置总线利用率采样周期,范围1-30000ms</desc>
				</meta>
			</set_bus_usage_period>
			<get_bus_usage flag="0x0566">
				<value>1</value>
				<meta>
					<visible>false</visible>
					<type>string</type>
					<desc>获取总线利用率</desc>
				</meta>
			</get_bus_usage>
			<auto_send_param flag="0x0557">
				<value>1</value>
				<meta>
					<visible>false</visible>
					<type>string</type>
					<desc>定时发送参数</desc>
				</meta>
			</auto_send_param>
			<tx_timeout flag="0x0569" at_initcan="post">
				<value>2000</value>
				<meta>
					<type>uint32</type>
					<visible>true</visible>
					<desc>发送超时,范围1-60000ms</desc>
				</meta>
			</tx_timeout>
			<get_device_available_tx_count flag="0x0567">
				<value>1</value>
				<meta>
					<visible>false</visible>
					<type>string</type>
					<desc>获取延时发送队列可用空间</desc>
				</meta>
			</get_device_available_tx_count>
			<clear_delay_send_queue flag="0x0568">
				<value>1</value>
				<meta>
					<visible>false</visible>
					<type>uint32</type>
					<desc>清空延时发送队列</desc>
				</meta>
			</clear_delay_send_queue>
			<get_device_auth_state flag="0x0568">
				<value>0</value>
				<meta>
					<visible>false</visible>
					<type>string</type>
					<desc>获取设备加密状态</desc>
				</meta>
			</get_device_auth_state>
		</channel_5>
		<channel_6 stream="channel_6" case="parent-value=6">
			<protocol at_initcan="pre">
				<value>1</value>
				<meta>
					<type>options.int32</type>
					<desc>协议</desc>
					<options>
						<option type="int32" value="1" desc="CAN FD"></option>
					</options>
				</meta>
			</protocol>
			<canfd_exp>
				<value>1</value>
				<meta>
					<type>options.int32</type>
					<desc>CAN FD加速</desc>
					<visible>true</visible>
					<options>
						<option type="int32" value="0" desc="str_no"></option>
						<option type="int32" value="1" desc="str_yes"></option>
					</options>
				</meta>
			</canfd_exp>
			<canfd_abit_baud_rate flag="0x0646" at_initcan="pre">
				<value>1000000</value>
				<meta>
					<type>options.int32</type>
					<desc>仲裁域波特率</desc>
					<options>
						<option type="int32" value="1000000" desc="1Mbps 80%"></option>
						<option type="int32" value="800000" desc="800kbps 80%"></option>
						<option type="int32" value="500000" desc="500kbps 80%"></option>
						<option type="int32" value="250000" desc="250kbps 80%"></option>
						<option type="int32" value="125000" desc="125kbps 80%"></option>
						<option type="int32" value="100000" desc="100kbps 80%"></option>
						<option type="int32" value="50000" desc="50kbps 80%"></option>
						<option type="int32" value="0" desc="custom"></option>
					</options>
				</meta>
			</canfd_abit_baud_rate>
			<canfd_dbit_baud_rate flag="0x0647" at_initcan="pre">
				<value>4000000</value>
				<meta>
					<type>options.int32</type>
					<desc>数据域波特率</desc>
					<visible>$/info/channel/channel_2/canfd_exp!=0</visible>
					<options>
						<option type="int32" value="5000000" desc="5Mbps 75%"></option>
						<option type="int32" value="4000000" desc="4Mbps 80%"></option>
						<option type="int32" value="2000000" desc="2Mbps 80%"></option>
						<option type="int32" value="1000000" desc="1Mbps 80%"></option>
						<option type="int32" value="800000" desc="800kbps 80%"></option>
						<option type="int32" value="500000" desc="500kbps 80%"></option>
						<option type="int32" value="250000" desc="250kbps 80%"></option>
					</options>
				</meta>
			</canfd_dbit_baud_rate>
			<baud_rate_custom flag="0x0644" at_initcan="pre">
				<value>1.0Mbps(80%),4.0Mbps(80%),(0041830E,00008106)</value>
				<meta>
					<visible>$/info/channel/channel_2/canfd_abit_baud_rate == 7</visible>
					<type>string</type>
					<desc>自定义波特率</desc>
				</meta>
			</baud_rate_custom>
			<work_mode initcan="work_mode">
				<value>0</value>
				<meta>
					<type>options.int32</type>
					<desc>工作模式</desc>
					<options>
						<option type="int32" value="0" desc="normal_mode"></option>
						<option type="int32" value="1" desc="readonly_mode"></option>
						<option type="int32" value="2" desc="self_mode"></option>
						<option type="int32" value="3" desc="tx_once_mode"></option>
					</options>
				</meta>
			</work_mode>
			<initenal_resistance flag="0x066B" at_initcan="post">
				<value>1</value>
				<meta>
					<type>options.int32</type>
					<desc>终端电阻</desc>
					<options>
						<option type="int32" value="0" desc="disable"></option>
						<option type="int32" value="1" desc="enable"></option>
					</options>
				</meta>
			</initenal_resistance>
			<auto_send flag="0x0634">
				<value>0</value>
				<meta>
					<visible>false</visible>
					<type>string</type>
					<desc>定时发送CAN</desc>
				</meta>
			</auto_send>
			<auto_send_canfd flag="0x0635">
				<value>0</value>
				<meta>
					<visible>false</visible>
					<type>string</type>
					<desc>定时发送CAN FD</desc>
				</meta>
			</auto_send_canfd>
			<clear_auto_send flag="0x0636">
				<value>1</value>
				<meta>
					<visible>false</visible>
					<type>string</type>
					<desc>清空定时发送</desc>
				</meta>
			</clear_auto_send>
			<apply_auto_send flag="0x0648">
				<value>1</value>
				<meta>
					<visible>false</visible>
					<type>string</type>
					<desc>应用定时发送</desc>
				</meta>
			</apply_auto_send>
			<filter_mode flag="0x0631" at_initcan="post">
				<value>2</value>
				<meta>
					<type>options.int32</type>
					<desc>滤波模式</desc>
					<visible>false</visible>
					<options>
						<option type="int32" value="0" desc="filter_standard"></option>
						<option type="int32" value="1" desc="filter_extend"></option>
						<option type="int32" value="2" desc="filter_disable"></option>
					</options>
				</meta>
			</filter_mode>
			<filter_start flag="0x0632" hex="1" at_initcan="post">
				<value>0</value>
				<meta>
					<type>uint32</type>
					<desc>滤波起始帧</desc>
					<visible>false</visible>
				</meta>
			</filter_start>
			<filter_end flag="0x0633" hex="1" at_initcan="post">
				<value>0xFFFFFFFF</value>
				<meta>
					<type>uint32</type>
					<desc>滤波结束帧</desc>
					<visible>false</visible>
				</meta>
			</filter_end>
			<filter_ack flag="0x0650" at_initcan="post">
				<value>0</value>
				<meta>
					<type>string</type>
					<visible>false</visible>
					<desc>滤波生效</desc>
				</meta>
			</filter_ack>
			<filter_clear flag="0x0649" at_initcan="post">
				<value>0</value>
				<meta>
					<type>string</type>
					<visible>false</visible>
					<desc>清除滤波</desc>
				</meta>
			</filter_clear>
			<filter_batch flag="0x0645" at_initcan="post">
				<value></value>
				<meta>
					<type>string</type>
					<visible>false</visible>
					<desc></desc>
				</meta>
			</filter_batch>
			<set_device_recv_merge flag="0x0009">
				<value>0</value>
				<meta>
					<visible>false</visible>
					<type>uint32</type>
					<desc>设置设备合并接收</desc>
				</meta>
			</set_device_recv_merge>
			<get_device_recv_merge flag="0x0069">
				<value>0</value>
				<meta>
					<visible>false</visible>
					<type>uint32</type>
					<desc>获取设备合并接收状态</desc>
				</meta>
			</get_device_recv_merge>
			<set_device_tx_echo flag="0x0608">
				<value>0</value>
				<meta>
					<visible>false</visible>
					<type>uint32</type>
					<desc>强制设备发送回显</desc>
				</meta>
			</set_device_tx_echo>
			<get_card_parent_instance_id flag="0x0665" >
				<value></value>
				<meta>
					<type>string</type>
					<visible>false</visible>
					<desc></desc>
				</meta>
			</get_card_parent_instance_id>
			<set_bus_usage_period flag="0x0664">
				<value>1000</value>
				<meta>
					<visible>true</visible>
					<type>uint32</type>
					<desc>设置总线利用率采样周期,范围1-30000ms</desc>
				</meta>
			</set_bus_usage_period>
			<get_bus_usage flag="0x0666">
				<value>1</value>
				<meta>
					<visible>false</visible>
					<type>string</type>
					<desc>获取总线利用率</desc>
				</meta>
			</get_bus_usage>
			<auto_send_param flag="0x0657">
				<value>1</value>
				<meta>
					<visible>false</visible>
					<type>string</type>
					<desc>定时发送参数</desc>
				</meta>
			</auto_send_param>
			<tx_timeout flag="0x0669" at_initcan="post">
				<value>2000</value>
				<meta>
					<type>uint32</type>
					<visible>true</visible>
					<desc>发送超时,范围1-60000ms</desc>
				</meta>
			</tx_timeout>
			<get_device_available_tx_count flag="0x0667">
				<value>1</value>
				<meta>
					<visible>false</visible>
					<type>string</type>
					<desc>获取延时发送队列可用空间</desc>
				</meta>
			</get_device_available_tx_count>
			<clear_delay_send_queue flag="0x0668">
				<value>1</value>
				<meta>
					<visible>false</visible>
					<type>uint32</type>
					<desc>清空延时发送队列</desc>
				</meta>
			</clear_delay_send_queue>
			<get_device_auth_state flag="0x0668">
				<value>0</value>
				<meta>
					<visible>false</visible>
					<type>string</type>
					<desc>获取设备加密状态</desc>
				</meta>
			</get_device_auth_state>
		</channel_6>
		<channel_7 stream="channel_7" case="parent-value=7">
			<protocol at_initcan="pre">
				<value>1</value>
				<meta>
					<type>options.int32</type>
					<desc>协议</desc>
					<options>
						<option type="int32" value="1" desc="CAN FD"></option>
					</options>
				</meta>
			</protocol>
			<canfd_exp>
				<value>1</value>
				<meta>
					<type>options.int32</type>
					<desc>CAN FD加速</desc>
					<visible>true</visible>
					<options>
						<option type="int32" value="0" desc="str_no"></option>
						<option type="int32" value="1" desc="str_yes"></option>
					</options>
				</meta>
			</canfd_exp>
			<canfd_abit_baud_rate flag="0x0746" at_initcan="pre">
				<value>1000000</value>
				<meta>
					<type>options.int32</type>
					<desc>仲裁域波特率</desc>
					<options>
						<option type="int32" value="1000000" desc="1Mbps 80%"></option>
						<option type="int32" value="800000" desc="800kbps 80%"></option>
						<option type="int32" value="500000" desc="500kbps 80%"></option>
						<option type="int32" value="250000" desc="250kbps 80%"></option>
						<option type="int32" value="125000" desc="125kbps 80%"></option>
						<option type="int32" value="100000" desc="100kbps 80%"></option>
						<option type="int32" value="50000" desc="50kbps 80%"></option>
						<option type="int32" value="0" desc="custom"></option>
					</options>
				</meta>
			</canfd_abit_baud_rate>
			<canfd_dbit_baud_rate flag="0x0747" at_initcan="pre">
				<value>4000000</value>
				<meta>
					<type>options.int32</type>
					<desc>数据域波特率</desc>
					<visible>$/info/channel/channel_2/canfd_exp!=0</visible>
					<options>
						<option type="int32" value="5000000" desc="5Mbps 75%"></option>
						<option type="int32" value="4000000" desc="4Mbps 80%"></option>
						<option type="int32" value="2000000" desc="2Mbps 80%"></option>
						<option type="int32" value="1000000" desc="1Mbps 80%"></option>
						<option type="int32" value="800000" desc="800kbps 80%"></option>
						<option type="int32" value="500000" desc="500kbps 80%"></option>
						<option type="int32" value="250000" desc="250kbps 80%"></option>
					</options>
				</meta>
			</canfd_dbit_baud_rate>
			<baud_rate_custom flag="0x0744" at_initcan="pre">
				<value>1.0Mbps(80%),4.0Mbps(80%),(0041830E,00008106)</value>
				<meta>
					<visible>$/info/channel/channel_2/canfd_abit_baud_rate == 7</visible>
					<type>string</type>
					<desc>自定义波特率</desc>
				</meta>
			</baud_rate_custom>
			<work_mode initcan="work_mode">
				<value>0</value>
				<meta>
					<type>options.int32</type>
					<desc>工作模式</desc>
					<options>
						<option type="int32" value="0" desc="normal_mode"></option>
						<option type="int32" value="1" desc="readonly_mode"></option>
						<option type="int32" value="2" desc="self_mode"></option>
						<option type="int32" value="3" desc="tx_once_mode"></option>
					</options>
				</meta>
			</work_mode>
			<initenal_resistance flag="0x076B" at_initcan="post">
				<value>1</value>
				<meta>
					<type>options.int32</type>
					<desc>终端电阻</desc>
					<options>
						<option type="int32" value="0" desc="disable"></option>
						<option type="int32" value="1" desc="enable"></option>
					</options>
				</meta>
			</initenal_resistance>
			<auto_send flag="0x0734">
				<value>0</value>
				<meta>
					<visible>false</visible>
					<type>string</type>
					<desc>定时发送CAN</desc>
				</meta>
			</auto_send>
			<auto_send_canfd flag="0x0735">
				<value>0</value>
				<meta>
					<visible>false</visible>
					<type>string</type>
					<desc>定时发送CAN FD</desc>
				</meta>
			</auto_send_canfd>
			<clear_auto_send flag="0x0736">
				<value>1</value>
				<meta>
					<visible>false</visible>
					<type>string</type>
					<desc>清空定时发送</desc>
				</meta>
			</clear_auto_send>
			<apply_auto_send flag="0x0748">
				<value>1</value>
				<meta>
					<visible>false</visible>
					<type>string</type>
					<desc>应用定时发送</desc>
				</meta>
			</apply_auto_send>
			<filter_mode flag="0x0731" at_initcan="post">
				<value>2</value>
				<meta>
					<type>options.int32</type>
					<desc>滤波模式</desc>
					<visible>false</visible>
					<options>
						<option type="int32" value="0" desc="filter_standard"></option>
						<option type="int32" value="1" desc="filter_extend"></option>
						<option type="int32" value="2" desc="filter_disable"></option>
					</options>
				</meta>
			</filter_mode>
			<filter_start flag="0x0732" hex="1" at_initcan="post">
				<value>0</value>
				<meta>
					<type>uint32</type>
					<desc>滤波起始帧</desc>
					<visible>false</visible>
				</meta>
			</filter_start>
			<filter_end flag="0x0733" hex="1" at_initcan="post">
				<value>0xFFFFFFFF</value>
				<meta>
					<type>uint32</type>
					<desc>滤波结束帧</desc>
					<visible>false</visible>
				</meta>
			</filter_end>
			<filter_ack flag="0x0750" at_initcan="post">
				<value>0</value>
				<meta>
					<type>string</type>
					<visible>false</visible>
					<desc>滤波生效</desc>
				</meta>
			</filter_ack>
			<filter_clear flag="0x0749" at_initcan="post">
				<value>0</value>
				<meta>
					<type>string</type>
					<visible>false</visible>
					<desc>清除滤波</desc>
				</meta>
			</filter_clear>
			<filter_batch flag="0x0745" at_initcan="post">
				<value></value>
				<meta>
					<type>string</type>
					<visible>false</visible>
					<desc></desc>
				</meta>
			</filter_batch>
			<set_device_recv_merge flag="0x0009">
				<value>0</value>
				<meta>
					<visible>false</visible>
					<type>uint32</type>
					<desc>设置设备合并接收</desc>
				</meta>
			</set_device_recv_merge>
			<get_device_recv_merge flag="0x0069">
				<value>0</value>
				<meta>
					<visible>false</visible>
					<type>uint32</type>
					<desc>获取设备合并接收状态</desc>
				</meta>
			</get_device_recv_merge>
			<set_device_tx_echo flag="0x0708">
				<value>0</value>
				<meta>
					<visible>false</visible>
					<type>uint32</type>
					<desc>强制设备发送回显</desc>
				</meta>
			</set_device_tx_echo>
			<get_card_parent_instance_id flag="0x0765" >
				<value></value>
				<meta>
					<type>string</type>
					<visible>false</visible>
					<desc></desc>
				</meta>
			</get_card_parent_instance_id>
			<set_bus_usage_period flag="0x0764">
				<value>1000</value>
				<meta>
					<visible>true</visible>
					<type>uint32</type>
					<desc>设置总线利用率采样周期,范围1-30000ms</desc>
				</meta>
			</set_bus_usage_period>
			<get_bus_usage flag="0x0766">
				<value>1</value>
				<meta>
					<visible>false</visible>
					<type>string</type>
					<desc>获取总线利用率</desc>
				</meta>
			</get_bus_usage>
			<auto_send_param flag="0x0757">
				<value>1</value>
				<meta>
					<visible>false</visible>
					<type>string</type>
					<desc>定时发送参数</desc>
				</meta>
			</auto_send_param>
			<tx_timeout flag="0x0769" at_initcan="post">
				<value>2000</value>
				<meta>
					<type>uint32</type>
					<visible>true</visible>
					<desc>发送超时,范围1-60000ms</desc>
				</meta>
			</tx_timeout>
			<get_device_available_tx_count flag="0x0767">
				<value>1</value>
				<meta>
					<visible>false</visible>
					<type>string</type>
					<desc>获取延时发送队列可用空间</desc>
				</meta>
			</get_device_available_tx_count>
			<clear_delay_send_queue flag="0x0768">
				<value>1</value>
				<meta>
					<visible>false</visible>
					<type>uint32</type>
					<desc>清空延时发送队列</desc>
				</meta>
			</clear_delay_send_queue>
			<get_device_auth_state flag="0x0768">
				<value>0</value>
				<meta>
					<visible>false</visible>
					<type>string</type>
					<desc>获取设备加密状态</desc>
				</meta>
			</get_device_auth_state>
		</channel_7>
	</channel>
</info>
